{"cameraMode":{"drawMode":0,"name":"Shaded","section":"Shading Mode"},"sceneLighting":true,"audioPlay":false,"sceneViewState":{"m_AlwaysRefresh":false,"showFog":true,"showSkybox":true,"showFlares":true,"showImageEffects":true,"showParticleSystems":true,"showVisualEffectGraphs":true,"m_FxEnabled":true},"in2DMode":false,"pivot":{"x":-3.5625810623168947,"y":0.6849665641784668,"z":2.3929038047790529},"rotation":{"x":-0.07471871376037598,"y":0.9198377132415772,"z":-0.21518921852111817,"w":-0.31938913464546206},"size":4.160319805145264,"orthographic":false}