{"cameraMode":{"drawMode":0,"name":"Shaded","section":"Shading Mode"},"sceneLighting":true,"audioPlay":false,"sceneViewState":{"m_AlwaysRefresh":false,"showFog":true,"showSkybox":true,"showFlares":true,"showImageEffects":true,"showParticleSystems":true,"showVisualEffectGraphs":true,"m_FxEnabled":true},"in2DMode":false,"pivot":{"x":-0.03721565008163452,"y":0.6530125141143799,"z":-0.16381508111953736},"rotation":{"x":-0.015308310277760029,"y":-0.009901885874569416,"z":0.00015150931722018868,"w":-0.9998340606689453},"size":2.7350072860717775,"orthographic":false}